feature,coefficient,abs_coefficient
Intensity,0.5306439380391335,0.5306439380391335
ComplementsFraction,0.45933097469713746,0.45933097469713746
GoodDiffFraction,0.4333974966555921,0.4333974966555921
PeakDensity,0.347528354376127,0.347528354376127
AverageRelativeIntensity,0.2772656838963933,0.2772656838963933
IsotopePeaks,0.21144434370621837,0.21144434370621837
SNR,-0.13284165572262394,0.13284165572262394
SignalPeaksCount,0.04344291233982446,0.04344291233982446
NeutralLossPeaks,0.04287242309416297,0.04287242309416297
PeakCount,0.0,0.0
